Workbook

Sheet Data
A1: Patient ID | B1: Sex | C1: Age (days) | D1: Age group | E1: Heart rate (beats/min) | F1: SpO2 (%) | G1: Respiratory rate (breaths/min) | H1: Systolic BP (mmHg) | I1: Diastolic BP (mmHg) | J1: Mean BP (mmHg)
A2: NB-001 | B2: Female | C2: 0 | D2: 0-7 days | E2: 175 | F2: 99 | G2: 58 | H2: 72 | I2: 39 | J2: =ROUND(I2+(H2-I2)/3,1) -> 50
A3: NB-002 | B3: Female | C3: 0 | D3: 0-7 days | E3: 136 | F3: 97 | G3: 45 | H3: 69 | I3: 48 | J3: =ROUND(I3+(H3-I3)/3,1) -> 55
A4: NB-003 | B4: Female | C4: 1 | D4: 0-7 days | E4: 135 | F4: 96 | G4: 40 | H4: 62 | I4: 35 | J4: =ROUND(I4+(H4-I4)/3,1) -> 44
A5: NB-004 | B5: Male | C5: 2 | D5: 0-7 days | E5: 159 | F5: 98 | G5: 42 | H5: 61 | I5: 41 | J5: =ROUND(I5+(H5-I5)/3,1) -> 47.7
A6: NB-005 | B6: Female | C6: 2 | D6: 0-7 days | E6: 119 | F6: 100 | G6: 41 | H6: 65 | I6: 45 | J6: =ROUND(I6+(H6-I6)/3,1) -> 51.7
A7: NB-006 | B7: Male | C7: 2 | D7: 0-7 days | E7: 140 | F7: 99 | G7: 42 | H7: 67 | I7: 47 | J7: =ROUND(I7+(H7-I7)/3,1) -> 53.7
A8: NB-007 | B8: Male | C8: 3 | D8: 0-7 days | E8: 133 | F8: 98 | G8: 45 | H8: 71 | I8: 37 | J8: =ROUND(I8+(H8-I8)/3,1) -> 48.3
A9: NB-008 | B9: Female | C9: 5 | D9: 0-7 days | E9: 139 | F9: 99 | G9: 41 | H9: 73 | I9: 34 | J9: =ROUND(I9+(H9-I9)/3,1) -> 47
A10: NB-009 | B10: Male | C10: 5 | D10: 0-7 days | E10: 119 | F10: 98 | G10: 38 | H10: 82 | I10: 41 | J10: =ROUND(I10+(H10-I10)/3,1) -> 54.7
A11: NB-010 | B11: Female | C11: 5 | D11: 0-7 days | E11: 128 | F11: 96 | G11: 40 | H11: 69 | I11: 48 | J11: =ROUND(I11+(H11-I11)/3,1) -> 55
A12: NB-011 | B12: Male | C12: 5 | D12: 0-7 days | E12: 137 | F12: 98 | G12: 52 | H12: 69 | I12: 46 | J12: =ROUND(I12+(H12-I12)/3,1) -> 53.7
A13: NB-012 | B13: Male | C13: 6 | D13: 0-7 days | E13: 157 | F13: 96 | G13: 41 | H13: 71 | I13: 41 | J13: =ROUND(I13+(H13-I13)/3,1) -> 51
... A101: NB-100 | B101: Female | C101: 178 | D101: 3-6 months | E101: 143 | F101: 97 | G101: 44 | H101: 88 | I101: 49 | J101: =ROUND(I101+(H101-I101)/3,1) -> 62

Sheet Summary
A1: Parameter | B1: Mean | C1: SD | D1: Min | E1: Max
A2: Heart rate (beats/min) | B2: =AVERAGE(Data!E2:E101) -> 140.83 | C2: =STDEV(Data!E2:E101) -> 13.061668 | D2: =MIN(Data!E2:E101) -> 116 | E2: =MAX(Data!E2:E101) -> 175
A3: SpO2 (%) | B3: =AVERAGE(Data!F2:F101) -> 97.85 | C3: =STDEV(Data!F2:F101) -> 1.0671874 | D3: =MIN(Data!F2:F101) -> 94 | E3: =MAX(Data!F2:F101) -> 100
A4: Respiratory rate (breaths/min) | B4: =AVERAGE(Data!G2:G101) -> 43.61 | C4: =STDEV(Data!G2:G101) -> 5.4008884 | D4: =MIN(Data!G2:G101) -> 32 | E4: =MAX(Data!G2:G101) -> 58
A5: Systolic BP (mmHg) | B5: =AVERAGE(Data!H2:H101) -> 81.39 | C5: =STDEV(Data!H2:H101) -> 9.5164876 | D5: =MIN(Data!H2:H101) -> 58 | E5: =MAX(Data!H2:H101) -> 105
A6: Diastolic BP (mmHg) | B6: =AVERAGE(Data!I2:I101) -> 49.42 | C6: =STDEV(Data!I2:I101) -> 6.3344178 | D6: =MIN(Data!I2:I101) -> 34 | E6: =MAX(Data!I2:I101) -> 60
A7: Mean BP (mmHg) | B7: =AVERAGE(Data!J2:J101) -> 60.082 | C7: =STDEV(Data!J2:J101) -> 6.5018471 | D7: =MIN(Data!J2:J101) -> 44 | E7: =MAX(Data!J2:J101) -> 73.7
A9: Number of patients | B9: =COUNTA(Data!A2:A101) -> 100

Sheet Notes
A1: IMPORTANT: THIS IS A SIMULATED (SYNTHETIC) DATASET - NOT REAL PATIENT DATA
A3: Real hospital records are confidential and cannot be downloaded from forums, so the 100 rows were generated by a script.
A4: Each value was drawn from a normal distribution centred on approximate published reference values for healthy, awake term infants, then clipped to physiological limits.
A5: Do not present it as clinical or research data. It is suitable for practice, teaching, and testing statistics/graphing.
A7: Age mix: 15 patients 0-7 days, 20 patients 8-28 days, 35 patients 1-3 months, 30 patients 3-6 months.
A8: Mean BP formula (cell formula in Data sheet): MAP = Diastolic + (Systolic - Diastolic) / 3.
A10: Approximate targets used (mean +/- SD):
A11: Heart rate: ~142 +/- 13 up to 3 months, falling to ~128 by 6 months
A12: Respiratory rate: ~45 +/- 5 at birth, falling to ~38 by 6 months
A13: SpO2: ~97% in first 2 days, ~98% after (range 94-100)
A14: Systolic BP: ~67 mmHg at birth, ~82 at 1 month, ~90 at 6 months (SD 6)
A15: Diastolic BP: ~42 mmHg at birth, ~50 at 1 month, ~55 at 6 months (SD 5)
... A20: 3. Dionne JM, Abitbol CL, Flynn JT. Hypertension in infancy: diagnosis, management and outcome. Pediatr Nephrol 2012;27:17-32.
